<?xml version="1.0" encoding="UTF-8" ?>
<!DOCTYPE mapper PUBLIC "-//mybatis.org//DTD Mapper 3.0//EN" "http://mybatis.org/dtd/mybatis-3-mapper.dtd" >
<mapper namespace="com.module.user.dao.CategoryMapper" >
  <resultMap id="BaseResultMap" type="com.module.user.model.Category" >
    <id column="id" property="id" jdbcType="INTEGER" />
    <result column="category_name" property="categoryName" jdbcType="VARCHAR" />
    <result column="category_icon" property="categoryIcon" jdbcType="VARCHAR" />
    <result column="parent_id" property="parentId" jdbcType="INTEGER" />
  </resultMap>
  <sql id="Base_Column_List" >
    id, category_name, category_icon, parent_id
  </sql>
  <select id="selectByPrimaryKey" resultMap="BaseResultMap" parameterType="java.lang.Integer" >
    select 
    <include refid="Base_Column_List" />
    from category
    where id = #{id,jdbcType=INTEGER}
  </select>
  <delete id="deleteByPrimaryKey" parameterType="java.lang.Integer" >
    delete from category
    where id = #{id,jdbcType=INTEGER}
  </delete>
  <insert id="insert" parameterType="com.module.user.model.Category" >
    insert into category (id, category_name, category_icon, 
      parent_id)
    values (#{id,jdbcType=INTEGER}, #{categoryName,jdbcType=VARCHAR}, #{categoryIcon,jdbcType=VARCHAR}, 
      #{parentId,jdbcType=INTEGER})
  </insert>
  <insert id="insertSelective" parameterType="com.module.user.model.Category" >
    insert into category
    <trim prefix="(" suffix=")" suffixOverrides="," >
      <if test="id != null" >
        id,
      </if>
      <if test="categoryName != null" >
        category_name,
      </if>
      <if test="categoryIcon != null" >
        category_icon,
      </if>
      <if test="parentId != null" >
        parent_id,
      </if>
    </trim>
    <trim prefix="values (" suffix=")" suffixOverrides="," >
      <if test="id != null" >
        #{id,jdbcType=INTEGER},
      </if>
      <if test="categoryName != null" >
        #{categoryName,jdbcType=VARCHAR},
      </if>
      <if test="categoryIcon != null" >
        #{categoryIcon,jdbcType=VARCHAR},
      </if>
      <if test="parentId != null" >
        #{parentId,jdbcType=INTEGER},
      </if>
    </trim>
  </insert>
  <update id="updateByPrimaryKeySelective" parameterType="com.module.user.model.Category" >
    update category
    <set >
      <if test="categoryName != null" >
        category_name = #{categoryName,jdbcType=VARCHAR},
      </if>
      <if test="categoryIcon != null" >
        category_icon = #{categoryIcon,jdbcType=VARCHAR},
      </if>
      <if test="parentId != null" >
        parent_id = #{parentId,jdbcType=INTEGER},
      </if>
    </set>
    where id = #{id,jdbcType=INTEGER}
  </update>
  <update id="updateByPrimaryKey" parameterType="com.module.user.model.Category" >
    update category
    set category_name = #{categoryName,jdbcType=VARCHAR},
      category_icon = #{categoryIcon,jdbcType=VARCHAR},
      parent_id = #{parentId,jdbcType=INTEGER}
    where id = #{id,jdbcType=INTEGER}
  </update>

  <select id="selectCategory" resultMap="BaseResultMap" parameterType="java.lang.Integer" >
    select
    <include refid="Base_Column_List" />
    from category
    where parent_id = #{parentId}
  </select>
</mapper>